name,cn_name,node_type,Lake Hit (Y/N),Landslide Hit (Y/N),Debris Flow Hit (Y/N)
Shelter_31,和平112號,shelter,N,N,N
Shelter_1287,豐南7鄰12-3號,shelter,N,N,N
Shelter_1313,富南村4鄰42-1號,shelter,N,N,N
Shelter_1323,永豐10鄰20-1號,shelter,N,N,N
Shelter_1331,中山路205號,shelter,N,N,N
Shelter_1334,23鄰16-1號,shelter,N,N,N
Shelter_1336,中山路376號,shelter,N,N,N
Shelter_1360,8鄰富北34-2號,shelter,N,N,N
Shelter_1367,3鄰明里37號,shelter,N,N,N
Shelter_1370,9鄰東湖39號,shelter,N,N,N
Shelter_1403,崙天18號,shelter,N,N,N
Shelter_1407,1鄰20號,shelter,N,N,N
Shelter_1415,1鄰東竹10號,shelter,N,N,N
Shelter_1455,7鄰鎮寧100號,shelter,N,N,N
Shelter_1468,1鄰福安路6-1號,shelter,N,N,N
Shelter_1476,長良143-1號,shelter,N,N,N
Shelter_1481,1鄰13號,shelter,N,N,N
Shelter_1482,6鄰吳江65-3號,shelter,N,N,N
Shelter_1509,12鄰18號,shelter,N,N,N
Shelter_1536,樂合65-5號,shelter,N,N,N
Shelter_1540,水源57-1號,shelter,N,N,N
Shelter_1545,信義路5號,shelter,N,N,N
Shelter_1557,中正路144號,shelter,N,N,N
Shelter_1570,東豐石岡32之1號,shelter,N,N,N
Shelter_1582,7鄰73號,shelter,N,N,N
Shelter_1626,大禹226號,shelter,N,N,N
Shelter_1643,觀音9-1號,shelter,N,N,N
Shelter_1653,1鄰2號,shelter,N,N,N
Shelter_1654,6鄰79-1號,shelter,N,N,N
Shelter_1687,松浦214-3號,shelter,N,N,N
Shelter_1692,三民131-2號,shelter,N,N,N
Shelter_1699,12鄰4號,shelter,N,N,N
Shelter_1700,6鄰58號,shelter,N,N,N
Shelter_1707,1鄰12號,shelter,N,N,N
Shelter_1708,1鄰11-1號,shelter,N,N,N
Shelter_1738,75-1號,shelter,N,N,N
Shelter_1752,14鄰中正南路二段278號,shelter,N,N,N
Shelter_1759,64號,shelter,N,N,N
Shelter_1777,5鄰能雅79號,shelter,N,N,N
Shelter_1810,7鄰118號,shelter,N,N,N
Shelter_1849,仁愛路109號,shelter,N,N,N
Shelter_1851,167 號,shelter,N,N,N
Shelter_1855,4鄰信義路3號,shelter,N,N,N
Shelter_1859,中山路二段389號,shelter,N,N,N
Shelter_1861,13鄰中山路二段387號,shelter,N,N,N
Shelter_1864,2鄰40號,shelter,N,N,N
Shelter_1872,1鄰9號,shelter,N,N,N
Shelter_1875,成功北路18號,shelter,N,N,N
Shelter_1882,4鄰祥北路二段127號,shelter,N,N,N
Shelter_1883,14鄰民生街41號,shelter,N,N,N
Shelter_1894,中山路257號,shelter,N,N,N
Shelter_1904,14鄰85之6號,shelter,N,N,N
Shelter_1938,4鄰祥北路一段54之1號,shelter,N,N,N
Shelter_2028,16鄰豐里49之1號,shelter,N,Y,N
Shelter_2041,2鄰中正路一段208之1號,shelter,N,Y,Y
Shelter_2050,1鄰5號,shelter,N,Y,N
Shelter_2051,2鄰馬遠39號,shelter,N,Y,N
Shelter_2057,10鄰學士路31號,shelter,N,Y,N
Shelter_2058,9鄰中正路157號,shelter,N,Y,N
Shelter_2066,13鄰東興路134號,shelter,N,Y,N
Shelter_2098,建國路一段1號,shelter,N,Y,Y
Shelter_2103,建國路一段 26之2號,shelter,N,Y,N
Shelter_2111,光豐路26號,shelter,N,Y,N
Shelter_2124,明德路29巷12號,shelter,N,Y,N
Shelter_2158,民權街17號,shelter,N,Y,N
Shelter_2161,民權街37號,shelter,N,Y,N
Shelter_2163,9鄰東興18-1號,shelter,N,N,N
Shelter_2166,民有街51巷3-1號,shelter,N,Y,N
Shelter_2183,建國路二段39號,shelter,N,Y,Y
Shelter_2200,150號,shelter,N,N,N
Shelter_2201,中山路一段216巷8號,shelter,N,Y,N
Shelter_2208,中正路二段72巷14號,shelter,N,Y,N
Shelter_2213,中正路二段23號,shelter,N,Y,N
Shelter_2217,中正路一段370號,shelter,N,Y,Y
Shelter_2225,中華路257號,shelter,N,Y,N
Shelter_2228,林森路200號,shelter,N,Y,N
Shelter_2258,東富路60號,shelter,N,Y,N
Shelter_2274,5鄰75號,shelter,N,Y,Y
Shelter_2304,2鄰34-8號,shelter,N,Y,N
Shelter_2314,71號,shelter,N,N,N
Shelter_2318,長橋路4號,shelter,N,Y,N
Shelter_2319,1鄰13-3號,shelter,N,Y,N
Shelter_2331,1鄰8號,shelter,N,Y,N
Shelter_2338,林森路113-1號,shelter,N,Y,N
Shelter_2365,中正路1段120巷24號,shelter,N,Y,N
Shelter_2378,中華路2號,shelter,N,Y,N
Shelter_2382,中正路2段1號,shelter,N,Y,N
Shelter_2384,鳳林鎮光復路8號,shelter,N,Y,N
Shelter_2386,光華路124號,shelter,N,Y,N
Shelter_2391,大同街7-1號,shelter,N,Y,N
Shelter_2401,鳳林鎮水源路56-2號,shelter,N,Y,Y
Shelter_2403,中華路111號,shelter,N,Y,N
Shelter_2410,鳳林鎮光復路94號,shelter,N,Y,N
Shelter_2414,復興路69號,shelter,N,Y,N
Shelter_2415,鳳林鎮大榮3路15號,shelter,N,Y,N
Shelter_2461,民和路1號,shelter,N,N,N
Shelter_2486,自強路368-1號,shelter,N,N,N
Shelter_2487,水璉二街21號,shelter,N,N,N
Shelter_2490,7鄰89號,shelter,N,N,N
Shelter_2515,米棧路二段21號,shelter,N,N,N
Shelter_2542,永康路54號,shelter,N,N,N
Shelter_2579,溪口路103巷2號,shelter,N,N,N
Shelter_2600,豐坪路2段73號,shelter,N,N,N
Shelter_2610,大樹腳59號,shelter,N,N,N
Shelter_2620,中山路41號,shelter,N,N,N
Shelter_2624,中山路127巷15號,shelter,N,N,N
Shelter_2641,8鄰134號,shelter,N,N,N
Shelter_2649,7鄰103號,shelter,N,N,N
Shelter_2669,月眉路3段24號,shelter,N,N,N
Shelter_2670,米棧路一段53號,shelter,N,N,N
Shelter_2672,壽豐路1段97號,shelter,N,N,N
Shelter_2674,農墾2街38號,shelter,N,N,N
Shelter_2678,壽山路26號,shelter,N,N,N
Shelter_2679,公園路30號,shelter,N,N,N
Shelter_2682,鹽寮165號,shelter,N,N,N
Shelter_2703,光榮1街26之1號,shelter,N,N,N
Shelter_2708,平和路32號,shelter,N,N,N
Shelter_2773,月眉路三段108號,shelter,N,N,N
Shelter_2785,中正路120巷13號,shelter,N,N,N
Shelter_2829,池南路2段17號,shelter,N,N,N
Shelter_2857,光華二街200號,shelter,N,N,N
Shelter_2883,干城一街97巷1號,shelter,N,N,N
Shelter_2884,6鄰79號,shelter,N,N,N
Shelter_2893,南海三街71號,shelter,N,N,N
Shelter_2897,南華四街123號,shelter,N,N,N
Shelter_2902,慶豐路79號,shelter,N,N,N
Shelter_2903,永興七街86號,shelter,N,N,N
Shelter_2904,南海三街314號,shelter,N,N,N
Shelter_2931,9鄰53號,shelter,N,N,N
Shelter_2934,東海六街74號,shelter,N,N,N
Shelter_2942,仁里五街1號,shelter,N,N,N
Shelter_2945,中順街77號,shelter,N,N,N
Shelter_2946,福德街1號,shelter,N,N,N
Shelter_2951,文化七街64號,shelter,N,N,N
Shelter_2954,中正路210號,shelter,N,N,N
Shelter_2955,中原路531號,shelter,N,N,N
Shelter_2962,吉安路二段97號,shelter,N,N,N
Shelter_2963,成功街169號,shelter,N,N,N
Shelter_2965,中興路355巷7號,shelter,N,N,N
Shelter_2967,中山路三段99巷18號,shelter,N,N,N
Shelter_2970,慈惠一街30號,shelter,N,N,N
Shelter_2971,吉祥六街52巷9號,shelter,N,N,N
Shelter_2972,中華路298號,shelter,N,N,N
Shelter_2973,中原路666號,shelter,N,N,N
Shelter_2977,慈惠三街118號,shelter,N,N,N
Shelter_2979,慈惠三街136號,shelter,N,N,N
Shelter_2980,公園路53號,shelter,N,N,N
Shelter_2981,林政街7號,shelter,N,N,N
Shelter_2985,明義街107號,shelter,N,N,N
Shelter_3002,林森路252號,shelter,N,N,N
Shelter_3003,慶北一街237號,shelter,N,N,N
Shelter_3005,建國路161號,shelter,N,N,N
Shelter_3015,中山路418號,shelter,N,N,N
Shelter_3016,南華四街123號,shelter,N,N,N
Shelter_3027,新興路80號,shelter,N,N,N
Shelter_3029,太昌路488號,shelter,N,N,N
Shelter_3035,國盛二街22號,shelter,N,N,N
Shelter_3041,永興路20號,shelter,N,N,N
Shelter_3044,太昌路488號,shelter,N,N,N
Shelter_3049,中山路903號,shelter,N,N,N
Shelter_3054,介仁街176號,shelter,N,N,N
Shelter_3055,化道路40巷1號,shelter,N,N,N
Shelter_3056,裕祥路89號,shelter,N,N,N
Shelter_3059,府前路27號,shelter,N,N,N
Shelter_3060,介仁街67號,shelter,N,N,N
Shelter_3064,中山路1段200號,shelter,N,N,N
Shelter_3072,府前路29號,shelter,N,N,N
Shelter_3073,林園一街16號,shelter,N,N,N
Shelter_3074,嘉南路2巷13號,shelter,N,N,N
Shelter_3075,107號,shelter,N,N,N
Shelter_3076,民光483-1號,shelter,N,N,N
Shelter_3077,達固湖灣大路23號,shelter,N,N,N
Shelter_3079,6鄰嘉南一街43巷5號,shelter,N,N,N
Shelter_3092,中山路1段500巷15號,shelter,N,N,N
Shelter_3098,沙基拉雅街111號,shelter,N,N,N
Shelter_3115,民有2街29號,shelter,N,N,N
Shelter_3120,嘉里路163號,shelter,N,N,N
Shelter_3128,明潭街27號,shelter,N,N,N
Shelter_3129,北埔路13號,shelter,N,N,N
Shelter_3145,北埔路259號,shelter,N,N,N
Shelter_3152,19鄰民有街101號,shelter,N,N,N
Shelter_3154,民有街2號,shelter,N,N,N
Shelter_3160,光復路572號,shelter,N,N,N
Shelter_3161,大安街1號,shelter,N,N,N
Shelter_3162,樹林街57巷9號,shelter,N,N,N
Shelter_3184,廣安1街112號,shelter,N,N,N
Shelter_3185,119號,shelter,N,N,N
Shelter_3237,加灣106號,shelter,N,N,N
Shelter_3291,順安52-2號,shelter,N,N,N
Shelter_3334,草林158號,shelter,N,N,N
Shelter_3336,秀林路76號,shelter,N,N,N
Shelter_3357,仁愛路2巷172號,shelter,N,N,N
Shelter_3366,博愛路31號,shelter,N,N,N
Shelter_3371,博愛路66號,shelter,N,N,N
Shelter_3372,新興1街62號,shelter,N,N,N
Shelter_3416,97號,shelter,N,N,N
Shelter_3461,72號,shelter,N,N,N
Shelter_3761,三鄰108號,shelter,N,N,N
Node_X01,崇德管制站,bottleneck,N,N,N
Node_X02,和平車站路口,bottleneck,N,N,N
Node_X03,太魯閣大橋北端,bottleneck,N,N,N
Node_X04,大清水隧道口,bottleneck,N,N,N
Node_X05,和仁車站路口,bottleneck,N,N,N
Guangfu_Station,光復火車站,critical_infra,N,Y,N
Guangfu_Elementary,光復國小,shelter,N,Y,N
Guangfu_Township_Office,光復鄉公所,shelter,N,Y,N
Mataian_Hwy9_Bridge,台9線馬太鞍溪橋,bridge,N,Y,N
Foxu_Debris_Zone,佛祖街沉積區中心,critical_infra,N,Y,Y
